building,time,day_name,traffic_diff_1,traffic_diff_2,traffic_diff_avg,time_index
UREC,0:00:00,Tuesday,0,0,0,0
UREC,1:00:00,Tuesday,120,249,184.5,1
UREC,2:00:00,Tuesday,89,292,190.5,2
UREC,3:00:00,Tuesday,50,87,68.5,3
UREC,4:00:00,Tuesday,76,71,73.5,4
UREC,5:00:00,Tuesday,96,52,74,5
UREC,6:00:00,Tuesday,359,369,364,6
UREC,7:00:00,Tuesday,2263,2674,2468.5,7
UREC,8:00:00,Tuesday,4764,4548,4656,8
UREC,9:00:00,Tuesday,7004,6741,6872.5,9
UREC,10:00:00,Tuesday,9148,8089,8618.5,10
UREC,11:00:00,Tuesday,7389,6098,6743.5,11
UREC,12:00:00,Tuesday,12040,9730,10885,12
UREC,13:00:00,Tuesday,12012,11257,11634.5,13
UREC,14:00:00,Tuesday,9430,9346,9388,14
UREC,15:00:00,Tuesday,12516,12923,12719.5,15
UREC,16:00:00,Tuesday,12714,12627,12670.5,16
UREC,17:00:00,Tuesday,12724,12611,12667.5,17
UREC,18:00:00,Tuesday,14764,16013,15388.5,18
UREC,19:00:00,Tuesday,12003,14700,13351.5,19
UREC,20:00:00,Tuesday,13562,12241,12901.5,20
UREC,21:00:00,Tuesday,13182,14217,13699.5,21
UREC,22:00:00,Tuesday,9335,11032,10183.5,22
UREC,23:00:00,Tuesday,5245,5737,5491,23
Stu,0:00:00,Tuesday,0,0,0,0
Stu,1:00:00,Tuesday,375,881,628,1
Stu,2:00:00,Tuesday,99,545,322,2
Stu,3:00:00,Tuesday,166,336,251,3
Stu,4:00:00,Tuesday,76,190,133,4
Stu,5:00:00,Tuesday,41,130,85.5,5
Stu,6:00:00,Tuesday,250,496,373,6
Stu,7:00:00,Tuesday,786,1072,929,7
Stu,8:00:00,Tuesday,3776,3323,3549.5,8
Stu,9:00:00,Tuesday,11121,10342,10731.5,9
Stu,10:00:00,Tuesday,18558,16173,17365.5,10
Stu,11:00:00,Tuesday,11653,10354,11003.5,11
Stu,12:00:00,Tuesday,24834,21673,23253.5,12
Stu,13:00:00,Tuesday,26493,23292,24892.5,13
Stu,14:00:00,Tuesday,17450,14963,16206.5,14
Stu,15:00:00,Tuesday,26154,22926,24540,15
Stu,16:00:00,Tuesday,20701,19761,20231,16
Stu,17:00:00,Tuesday,14761,13588,14174.5,17
Stu,18:00:00,Tuesday,20780,17123,18951.5,18
Stu,19:00:00,Tuesday,12956,12713,12834.5,19
Stu,20:00:00,Tuesday,12214,10248,11231,20
Stu,21:00:00,Tuesday,8561,10179,9370,21
Stu,22:00:00,Tuesday,4849,5590,5219.5,22
Stu,23:00:00,Tuesday,3361,3109,3235,23
Atki,0:00:00,Tuesday,0,0,0,0
Atki,1:00:00,Tuesday,73,166,119.5,1
Atki,2:00:00,Tuesday,19,118,68.5,2
Atki,3:00:00,Tuesday,40,79,59.5,3
Atki,4:00:00,Tuesday,4,11,7.5,4
Atki,5:00:00,Tuesday,5,0,2.5,5
Atki,6:00:00,Tuesday,54,39,46.5,6
Atki,7:00:00,Tuesday,149,200,174.5,7
Atki,8:00:00,Tuesday,793,577,685,8
Atki,9:00:00,Tuesday,3135,3101,3118,9
Atki,10:00:00,Tuesday,8806,7141,7973.5,10
Atki,11:00:00,Tuesday,4202,3887,4044.5,11
Atki,12:00:00,Tuesday,12239,10540,11389.5,12
Atki,13:00:00,Tuesday,12806,11098,11952,13
Atki,14:00:00,Tuesday,6397,4847,5622,14
Atki,15:00:00,Tuesday,11895,10506,11200.5,15
Atki,16:00:00,Tuesday,10005,9167,9586,16
Atki,17:00:00,Tuesday,4084,3977,4030.5,17
Atki,18:00:00,Tuesday,7529,5183,6356,18
Atki,19:00:00,Tuesday,3565,3263,3414,19
Atki,20:00:00,Tuesday,2187,1757,1972,20
Atki,21:00:00,Tuesday,1324,1359,1341.5,21
Atki,22:00:00,Tuesday,821,843,832,22
Atki,23:00:00,Tuesday,418,604,511,23
Wood,0:00:00,Tuesday,0,0,0,0
Wood,1:00:00,Tuesday,339,465,402,1
Wood,2:00:00,Tuesday,240,403,321.5,2
Wood,3:00:00,Tuesday,240,373,306.5,3
Wood,4:00:00,Tuesday,257,416,336.5,4
Wood,5:00:00,Tuesday,290,401,345.5,5
Wood,6:00:00,Tuesday,271,472,371.5,6
Wood,7:00:00,Tuesday,487,781,634,7
Wood,8:00:00,Tuesday,1615,1278,1446.5,8
Wood,9:00:00,Tuesday,5785,5310,5547.5,9
Wood,10:00:00,Tuesday,12260,10804,11532,10
Wood,11:00:00,Tuesday,7228,6366,6797,11
Wood,12:00:00,Tuesday,15209,14735,14972,12
Wood,13:00:00,Tuesday,15544,14766,15155,13
Wood,14:00:00,Tuesday,8256,8932,8594,14
Wood,15:00:00,Tuesday,17393,14344,15868.5,15
Wood,16:00:00,Tuesday,14429,12026,13227.5,16
Wood,17:00:00,Tuesday,7475,6876,7175.5,17
Wood,18:00:00,Tuesday,7725,6302,7013.5,18
Wood,19:00:00,Tuesday,4512,4124,4318,19
Wood,20:00:00,Tuesday,3554,2459,3006.5,20
Wood,21:00:00,Tuesday,3181,2671,2926,21
Wood,22:00:00,Tuesday,1574,1300,1437,22
Wood,23:00:00,Tuesday,913,478,695.5,23
SVDH,0:00:00,Tuesday,0,0,0,0
SVDH,1:00:00,Tuesday,189,287,238,1
SVDH,2:00:00,Tuesday,190,291,240.5,2
SVDH,3:00:00,Tuesday,22,91,56.5,3
SVDH,4:00:00,Tuesday,4,64,34,4
SVDH,5:00:00,Tuesday,10,5,7.5,5
SVDH,6:00:00,Tuesday,48,89,68.5,6
SVDH,7:00:00,Tuesday,450,416,433,7
SVDH,8:00:00,Tuesday,2213,2170,2191.5,8
SVDH,9:00:00,Tuesday,3186,3429,3307.5,9
SVDH,10:00:00,Tuesday,6491,6216,6353.5,10
SVDH,11:00:00,Tuesday,4585,5644,5114.5,11
SVDH,12:00:00,Tuesday,8439,8513,8476,12
SVDH,13:00:00,Tuesday,10985,10608,10796.5,13
SVDH,14:00:00,Tuesday,10392,9345,9868.5,14
SVDH,15:00:00,Tuesday,7564,6264,6914,15
SVDH,16:00:00,Tuesday,2974,3262,3118,16
SVDH,17:00:00,Tuesday,2526,2914,2720,17
SVDH,18:00:00,Tuesday,10594,13110,11852,18
SVDH,19:00:00,Tuesday,15240,15746,15493,19
SVDH,20:00:00,Tuesday,17290,16264,16777,20
SVDH,21:00:00,Tuesday,5293,4505,4899,21
SVDH,22:00:00,Tuesday,1307,1064,1185.5,22
SVDH,23:00:00,Tuesday,578,579,578.5,23
Pros,0:00:00,Tuesday,0,0,0,0
Pros,1:00:00,Tuesday,35,130,82.5,1
Pros,2:00:00,Tuesday,60,120,90,2
Pros,3:00:00,Tuesday,22,112,67,3
Pros,4:00:00,Tuesday,47,53,50,4
Pros,5:00:00,Tuesday,57,15,36,5
Pros,6:00:00,Tuesday,32,33,32.5,6
Pros,7:00:00,Tuesday,131,138,134.5,7
Pros,8:00:00,Tuesday,454,293,373.5,8
Pros,9:00:00,Tuesday,1678,1766,1722,9
Pros,10:00:00,Tuesday,4884,4782,4833,10
Pros,11:00:00,Tuesday,3526,3531,3528.5,11
Pros,12:00:00,Tuesday,11745,11027,11386,12
Pros,13:00:00,Tuesday,12006,11868,11937,13
Pros,14:00:00,Tuesday,7747,7474,7610.5,14
Pros,15:00:00,Tuesday,11682,10599,11140.5,15
Pros,16:00:00,Tuesday,10329,7557,8943,16
Pros,17:00:00,Tuesday,4763,3631,4197,17
Pros,18:00:00,Tuesday,4841,3209,4025,18
Pros,19:00:00,Tuesday,2062,1405,1733.5,19
Pros,20:00:00,Tuesday,499,343,421,20
Pros,21:00:00,Tuesday,279,139,209,21
Pros,22:00:00,Tuesday,99,38,68.5,22
Pros,23:00:00,Tuesday,44,79,61.5,23
UREC,0:00:00,Wednesday,0,0,0,0
UREC,1:00:00,Wednesday,183,114,148.5,1
UREC,2:00:00,Wednesday,170,113,141.5,2
UREC,3:00:00,Wednesday,83,51,67,3
UREC,4:00:00,Wednesday,71,58,64.5,4
UREC,5:00:00,Wednesday,110,52,81,5
UREC,6:00:00,Wednesday,857,514,685.5,6
UREC,7:00:00,Wednesday,3209,1989,2599,7
UREC,8:00:00,Wednesday,4758,5331,5044.5,8
UREC,9:00:00,Wednesday,6255,6651,6453,9
UREC,10:00:00,Wednesday,7428,7813,7620.5,10
UREC,11:00:00,Wednesday,8928,9350,9139,11
UREC,12:00:00,Wednesday,11221,12638,11929.5,12
UREC,13:00:00,Wednesday,12905,12590,12747.5,13
UREC,14:00:00,Wednesday,12651,12555,12603,14
UREC,15:00:00,Wednesday,12831,11793,12312,15
UREC,16:00:00,Wednesday,12343,11985,12164,16
UREC,17:00:00,Wednesday,11262,11014,11138,17
UREC,18:00:00,Wednesday,13632,14493,14062.5,18
UREC,19:00:00,Wednesday,12008,12625,12316.5,19
UREC,20:00:00,Wednesday,13564,11170,12367,20
UREC,21:00:00,Wednesday,13249,12768,13008.5,21
UREC,22:00:00,Wednesday,10348,9348,9848,22
UREC,23:00:00,Wednesday,5411,4863,5137,23
Stu,0:00:00,Wednesday,0,0,0,0
Stu,1:00:00,Wednesday,1493,884,1188.5,1
Stu,2:00:00,Wednesday,587,395,491,2
Stu,3:00:00,Wednesday,477,368,422.5,3
Stu,4:00:00,Wednesday,214,54,134,4
Stu,5:00:00,Wednesday,298,287,292.5,5
Stu,6:00:00,Wednesday,1047,630,838.5,6
Stu,7:00:00,Wednesday,1538,1123,1330.5,7
Stu,8:00:00,Wednesday,4881,4839,4860,8
Stu,9:00:00,Wednesday,9243,8958,9100.5,9
Stu,10:00:00,Wednesday,12910,11733,12321.5,10
Stu,11:00:00,Wednesday,15872,14035,14953.5,11
Stu,12:00:00,Wednesday,19920,17138,18529,12
Stu,13:00:00,Wednesday,25532,21611,23571.5,13
Stu,14:00:00,Wednesday,23960,21636,22798,14
Stu,15:00:00,Wednesday,22979,20287,21633,15
Stu,16:00:00,Wednesday,20451,19154,19802.5,16
Stu,17:00:00,Wednesday,12844,11176,12010,17
Stu,18:00:00,Wednesday,19255,15964,17609.5,18
Stu,19:00:00,Wednesday,13158,10561,11859.5,19
Stu,20:00:00,Wednesday,11581,7977,9779,20
Stu,21:00:00,Wednesday,8433,7751,8092,21
Stu,22:00:00,Wednesday,4816,3754,4285,22
Stu,23:00:00,Wednesday,3629,2551,3090,23
Atki,0:00:00,Wednesday,0,0,0,0
Atki,1:00:00,Wednesday,122,132,127,1
Atki,2:00:00,Wednesday,71,27,49,2
Atki,3:00:00,Wednesday,28,24,26,3
Atki,4:00:00,Wednesday,13,15,14,4
Atki,5:00:00,Wednesday,5,22,13.5,5
Atki,6:00:00,Wednesday,85,157,121,6
Atki,7:00:00,Wednesday,90,0,45,7
Atki,8:00:00,Wednesday,863,1106,984.5,8
Atki,9:00:00,Wednesday,2891,3068,2979.5,9
Atki,10:00:00,Wednesday,5016,4988,5002,10
Atki,11:00:00,Wednesday,6187,5776,5981.5,11
Atki,12:00:00,Wednesday,8753,18444,13598.5,12
Atki,13:00:00,Wednesday,11393,1,5697,13
Atki,14:00:00,Wednesday,9242,8579,8910.5,14
Atki,15:00:00,Wednesday,9192,8680,8936,15
Atki,16:00:00,Wednesday,8805,8706,8755.5,16
Atki,17:00:00,Wednesday,3695,3643,3669,17
Atki,18:00:00,Wednesday,5835,4751,5293,18
Atki,19:00:00,Wednesday,3006,1777,2391.5,19
Atki,20:00:00,Wednesday,2032,2412,2222,20
Atki,21:00:00,Wednesday,1469,458,963.5,21
Atki,22:00:00,Wednesday,1405,0,702.5,22
Atki,23:00:00,Wednesday,0,278,139,23
Wood,0:00:00,Wednesday,0,0,0,0
Wood,1:00:00,Wednesday,403,166,284.5,1
Wood,2:00:00,Wednesday,348,181,264.5,2
Wood,3:00:00,Wednesday,313,108,210.5,3
Wood,4:00:00,Wednesday,357,315,336,4
Wood,5:00:00,Wednesday,327,105,216,5
Wood,6:00:00,Wednesday,487,239,363,6
Wood,7:00:00,Wednesday,744,468,606,7
Wood,8:00:00,Wednesday,2329,1905,2117,8
Wood,9:00:00,Wednesday,6022,4778,5400,9
Wood,10:00:00,Wednesday,7936,7197,7566.5,10
Wood,11:00:00,Wednesday,8195,6920,7557.5,11
Wood,12:00:00,Wednesday,13474,12223,12848.5,12
Wood,13:00:00,Wednesday,16137,13088,14612.5,13
Wood,14:00:00,Wednesday,13440,12127,12783.5,14
Wood,15:00:00,Wednesday,14150,11809,12979.5,15
Wood,16:00:00,Wednesday,11068,8552,9810,16
Wood,17:00:00,Wednesday,5703,3592,4647.5,17
Wood,18:00:00,Wednesday,6419,4830,5624.5,18
Wood,19:00:00,Wednesday,5099,3808,4453.5,19
Wood,20:00:00,Wednesday,2980,1477,2228.5,20
Wood,21:00:00,Wednesday,1934,2222,2078,21
Wood,22:00:00,Wednesday,1665,816,1240.5,22
Wood,23:00:00,Wednesday,705,510,607.5,23
SVDH,0:00:00,Wednesday,0,0,0,0
SVDH,1:00:00,Wednesday,235,216,225.5,1
SVDH,2:00:00,Wednesday,180,137,158.5,2
SVDH,3:00:00,Wednesday,167,59,113,3
SVDH,4:00:00,Wednesday,19,32,25.5,4
SVDH,5:00:00,Wednesday,3,0,1.5,5
SVDH,6:00:00,Wednesday,109,148,128.5,6
SVDH,7:00:00,Wednesday,351,246,298.5,7
SVDH,8:00:00,Wednesday,2113,2180,2146.5,8
SVDH,9:00:00,Wednesday,3437,3798,3617.5,9
SVDH,10:00:00,Wednesday,5699,5344,5521.5,10
SVDH,11:00:00,Wednesday,6987,6234,6610.5,11
SVDH,12:00:00,Wednesday,7157,7448,7302.5,12
SVDH,13:00:00,Wednesday,12566,11760,12163,13
SVDH,14:00:00,Wednesday,11235,9668,10451.5,14
SVDH,15:00:00,Wednesday,6942,6400,6671,15
SVDH,16:00:00,Wednesday,3434,3434,3434,16
SVDH,17:00:00,Wednesday,2386,2623,2504.5,17
SVDH,18:00:00,Wednesday,13048,9614,11331,18
SVDH,19:00:00,Wednesday,16196,12263,14229.5,19
SVDH,20:00:00,Wednesday,18376,13388,15882,20
SVDH,21:00:00,Wednesday,3829,4110,3969.5,21
SVDH,22:00:00,Wednesday,779,877,828,22
SVDH,23:00:00,Wednesday,982,720,851,23
Pros,0:00:00,Wednesday,0,0,0,0
Pros,1:00:00,Wednesday,8,151,79.5,1
Pros,2:00:00,Wednesday,85,140,112.5,2
Pros,3:00:00,Wednesday,156,103,129.5,3
Pros,4:00:00,Wednesday,91,13,52,4
Pros,5:00:00,Wednesday,72,12,42,5
Pros,6:00:00,Wednesday,56,40,48,6
Pros,7:00:00,Wednesday,71,79,75,7
Pros,8:00:00,Wednesday,549,426,487.5,8
Pros,9:00:00,Wednesday,2503,2145,2324,9
Pros,10:00:00,Wednesday,4736,3906,4321,10
Pros,11:00:00,Wednesday,5234,5365,5299.5,11
Pros,12:00:00,Wednesday,8809,8043,8426,12
Pros,13:00:00,Wednesday,12751,11284,12017.5,13
Pros,14:00:00,Wednesday,10970,8636,9803,14
Pros,15:00:00,Wednesday,8447,6698,7572.5,15
Pros,16:00:00,Wednesday,8405,7520,7962.5,16
Pros,17:00:00,Wednesday,4503,3766,4134.5,17
Pros,18:00:00,Wednesday,3705,3141,3423,18
Pros,19:00:00,Wednesday,1529,1236,1382.5,19
Pros,20:00:00,Wednesday,331,370,350.5,20
Pros,21:00:00,Wednesday,169,178,173.5,21
Pros,22:00:00,Wednesday,99,28,63.5,22
Pros,23:00:00,Wednesday,25,27,26,23
UREC,0:00:00,Sunday,0,0,0,0
UREC,1:00:00,Sunday,184,288,236,1
UREC,2:00:00,Sunday,313,204,258.5,2
UREC,3:00:00,Sunday,98,90,94,3
UREC,4:00:00,Sunday,42,67,54.5,4
UREC,5:00:00,Sunday,147,41,94,5
UREC,6:00:00,Sunday,17,84,50.5,6
UREC,7:00:00,Sunday,31,344,187.5,7
UREC,8:00:00,Sunday,58,53,55.5,8
UREC,9:00:00,Sunday,131,256,193.5,9
UREC,10:00:00,Sunday,144,135,139.5,10
UREC,11:00:00,Sunday,780,613,696.5,11
UREC,12:00:00,Sunday,2850,2564,2707,12
UREC,13:00:00,Sunday,4374,3374,3874,13
UREC,14:00:00,Sunday,4373,3623,3998,14
UREC,15:00:00,Sunday,4163,3998,4080.5,15
UREC,16:00:00,Sunday,3812,3536,3674,16
UREC,17:00:00,Sunday,4797,5177,4987,17
UREC,18:00:00,Sunday,5343,5647,5495,18
UREC,19:00:00,Sunday,5289,5975,5632,19
UREC,20:00:00,Sunday,4826,5630,5228,20
UREC,21:00:00,Sunday,5622,5090,5356,21
UREC,22:00:00,Sunday,4431,5021,4726,22
UREC,23:00:00,Sunday,2159,3247,2703,23
Stu,0:00:00,Sunday,0,0,0,0
Stu,1:00:00,Sunday,1488,1177,1332.5,1
Stu,2:00:00,Sunday,896,904,900,2
Stu,3:00:00,Sunday,521,700,610.5,3
Stu,4:00:00,Sunday,249,246,247.5,4
Stu,5:00:00,Sunday,65,279,172,5
Stu,6:00:00,Sunday,47,147,97,6
Stu,7:00:00,Sunday,151,483,317,7
Stu,8:00:00,Sunday,129,131,130,8
Stu,9:00:00,Sunday,306,573,439.5,9
Stu,10:00:00,Sunday,632,642,637,10
Stu,11:00:00,Sunday,1568,1341,1454.5,11
Stu,12:00:00,Sunday,2460,2183,2321.5,12
Stu,13:00:00,Sunday,3061,2755,2908,13
Stu,14:00:00,Sunday,3307,2832,3069.5,14
Stu,15:00:00,Sunday,3381,2706,3043.5,15
Stu,16:00:00,Sunday,3465,4335,3900,16
Stu,17:00:00,Sunday,3970,4648,4309,17
Stu,18:00:00,Sunday,4678,4708,4693,18
Stu,19:00:00,Sunday,5265,5706,5485.5,19
Stu,20:00:00,Sunday,5096,5587,5341.5,20
Stu,21:00:00,Sunday,4197,4174,4185.5,21
Stu,22:00:00,Sunday,2916,3149,3032.5,22
Stu,23:00:00,Sunday,2204,1945,2074.5,23
Atki,0:00:00,Sunday,0,0,0,0
Atki,1:00:00,Sunday,384,201,292.5,1
Atki,2:00:00,Sunday,70,0,35,2
Atki,3:00:00,Sunday,46,39,42.5,3
Atki,4:00:00,Sunday,3,28,15.5,4
Atki,5:00:00,Sunday,18,0,9,5
Atki,6:00:00,Sunday,0,29,14.5,6
Atki,7:00:00,Sunday,18,5,11.5,7
Atki,8:00:00,Sunday,0,55,27.5,8
Atki,9:00:00,Sunday,92,112,102,9
Atki,10:00:00,Sunday,0,-1,-0.5,10
Atki,11:00:00,Sunday,267,189,228,11
Atki,12:00:00,Sunday,757,654,705.5,12
Atki,13:00:00,Sunday,855,439,647,13
Atki,14:00:00,Sunday,0,1067,533.5,14
Atki,15:00:00,Sunday,1430,1496,1463,15
Atki,16:00:00,Sunday,704,0,352,16
Atki,17:00:00,Sunday,604,644,624,17
Atki,18:00:00,Sunday,782,1013,897.5,18
Atki,19:00:00,Sunday,792,1030,911,19
Atki,20:00:00,Sunday,1710,1296,1503,20
Atki,21:00:00,Sunday,358,0,179,21
Atki,22:00:00,Sunday,513,421,467,22
Atki,23:00:00,Sunday,0,434,217,23
Wood,0:00:00,Sunday,0,0,0,0
Wood,1:00:00,Sunday,378,305,341.5,1
Wood,2:00:00,Sunday,378,176,277,2
Wood,3:00:00,Sunday,374,171,272.5,3
Wood,4:00:00,Sunday,362,110,236,4
Wood,5:00:00,Sunday,360,137,248.5,5
Wood,6:00:00,Sunday,399,163,281,6
Wood,7:00:00,Sunday,450,935,692.5,7
Wood,8:00:00,Sunday,399,135,267,8
Wood,9:00:00,Sunday,996,199,597.5,9
Wood,10:00:00,Sunday,473,200,336.5,10
Wood,11:00:00,Sunday,607,218,412.5,11
Wood,12:00:00,Sunday,779,511,645,12
Wood,13:00:00,Sunday,779,412,595.5,13
Wood,14:00:00,Sunday,747,668,707.5,14
Wood,15:00:00,Sunday,788,593,690.5,15
Wood,16:00:00,Sunday,903,643,773,16
Wood,17:00:00,Sunday,1117,925,1021,17
Wood,18:00:00,Sunday,1132,848,990,18
Wood,19:00:00,Sunday,1689,1433,1561,19
Wood,20:00:00,Sunday,1564,1906,1735,20
Wood,21:00:00,Sunday,823,600,711.5,21
Wood,22:00:00,Sunday,673,466,569.5,22
Wood,23:00:00,Sunday,598,396,497,23
SVDH,0:00:00,Sunday,0,0,0,0
SVDH,1:00:00,Sunday,327,326,326.5,1
SVDH,2:00:00,Sunday,302,204,253,2
SVDH,3:00:00,Sunday,187,187,187,3
SVDH,4:00:00,Sunday,76,174,125,4
SVDH,5:00:00,Sunday,48,70,59,5
SVDH,6:00:00,Sunday,10,88,49,6
SVDH,7:00:00,Sunday,117,282,199.5,7
SVDH,8:00:00,Sunday,310,184,247,8
SVDH,9:00:00,Sunday,437,288,362.5,9
SVDH,10:00:00,Sunday,528,590,559,10
SVDH,11:00:00,Sunday,3263,2270,2766.5,11
SVDH,12:00:00,Sunday,7231,5111,6171,12
SVDH,13:00:00,Sunday,6463,5791,6127,13
SVDH,14:00:00,Sunday,6388,6284,6336,14
SVDH,15:00:00,Sunday,5141,4572,4856.5,15
SVDH,16:00:00,Sunday,3905,3721,3813,16
SVDH,17:00:00,Sunday,3961,2892,3426.5,17
SVDH,18:00:00,Sunday,6999,5357,6178,18
SVDH,19:00:00,Sunday,12686,10927,11806.5,19
SVDH,20:00:00,Sunday,13954,12505,13229.5,20
SVDH,21:00:00,Sunday,4917,4572,4744.5,21
SVDH,22:00:00,Sunday,886,514,700,22
SVDH,23:00:00,Sunday,597,442,519.5,23
Pros,0:00:00,Sunday,0,0,0,0
Pros,1:00:00,Sunday,31,8,19.5,1
Pros,2:00:00,Sunday,26,12,19,2
Pros,3:00:00,Sunday,1,28,14.5,3
Pros,4:00:00,Sunday,10,17,13.5,4
Pros,5:00:00,Sunday,3,4,3.5,5
Pros,6:00:00,Sunday,0,2,1,6
Pros,7:00:00,Sunday,9,164,86.5,7
Pros,8:00:00,Sunday,5,0,2.5,8
Pros,9:00:00,Sunday,367,2,184.5,9
Pros,10:00:00,Sunday,35,36,35.5,10
Pros,11:00:00,Sunday,76,50,63,11
Pros,12:00:00,Sunday,57,67,62,12
Pros,13:00:00,Sunday,171,48,109.5,13
Pros,14:00:00,Sunday,115,54,84.5,14
Pros,15:00:00,Sunday,103,115,109,15
Pros,16:00:00,Sunday,56,82,69,16
Pros,17:00:00,Sunday,84,69,76.5,17
Pros,18:00:00,Sunday,76,127,101.5,18
Pros,19:00:00,Sunday,35,72,53.5,19
Pros,20:00:00,Sunday,129,80,104.5,20
Pros,21:00:00,Sunday,83,63,73,21
Pros,22:00:00,Sunday,55,26,40.5,22
Pros,23:00:00,Sunday,44,36,40,23
UREC,0:00:00,Monday,0,0,0,0
UREC,1:00:00,Monday,188,251,219.5,1
UREC,2:00:00,Monday,133,152,142.5,2
UREC,3:00:00,Monday,103,103,103,3
UREC,4:00:00,Monday,82,67,74.5,4
UREC,5:00:00,Monday,151,107,129,5
UREC,6:00:00,Monday,378,492,435,6
UREC,7:00:00,Monday,2182,2524,2353,7
UREC,8:00:00,Monday,4966,4620,4793,8
UREC,9:00:00,Monday,6779,6257,6518,9
UREC,10:00:00,Monday,8497,7657,8077,10
UREC,11:00:00,Monday,8606,7981,8293.5,11
UREC,12:00:00,Monday,11107,10416,10761.5,12
UREC,13:00:00,Monday,12098,11739,11918.5,13
UREC,14:00:00,Monday,12465,11172,11818.5,14
UREC,15:00:00,Monday,12508,12582,12545,15
UREC,16:00:00,Monday,11311,13633,12472,16
UREC,17:00:00,Monday,9916,11621,10768.5,17
UREC,18:00:00,Monday,13384,14645,14014.5,18
UREC,19:00:00,Monday,13243,13509,13376,19
UREC,20:00:00,Monday,13228,15674,14451,20
UREC,21:00:00,Monday,13171,14178,13674.5,21
UREC,22:00:00,Monday,9349,11348,10348.5,22
UREC,23:00:00,Monday,5747,5767,5757,23
Stu,0:00:00,Monday,0,0,0,0
Stu,1:00:00,Monday,505,695,600,1
Stu,2:00:00,Monday,299,565,432,2
Stu,3:00:00,Monday,171,199,185,3
Stu,4:00:00,Monday,107,74,90.5,4
Stu,5:00:00,Monday,73,64,68.5,5
Stu,6:00:00,Monday,335,411,373,6
Stu,7:00:00,Monday,1287,1051,1169,7
Stu,8:00:00,Monday,5171,4666,4918.5,8
Stu,9:00:00,Monday,9292,7840,8566,9
Stu,10:00:00,Monday,13549,10892,12220.5,10
Stu,11:00:00,Monday,15628,14203,14915.5,11
Stu,12:00:00,Monday,17528,19859,18693.5,12
Stu,13:00:00,Monday,21828,23837,22832.5,13
Stu,14:00:00,Monday,21098,22940,22019,14
Stu,15:00:00,Monday,21021,22155,21588,15
Stu,16:00:00,Monday,18654,20800,19727,16
Stu,17:00:00,Monday,12705,12354,12529.5,17
Stu,18:00:00,Monday,19898,18670,19284,18
Stu,19:00:00,Monday,11830,13000,12415,19
Stu,20:00:00,Monday,12191,12418,12304.5,20
Stu,21:00:00,Monday,9349,9720,9534.5,21
Stu,22:00:00,Monday,4804,5373,5088.5,22
Stu,23:00:00,Monday,2805,2965,2885,23
Atki,0:00:00,Monday,0,0,0,0
Atki,1:00:00,Monday,133,83,108,1
Atki,2:00:00,Monday,0,0,0,2
Atki,3:00:00,Monday,13,23,18,3
Atki,4:00:00,Monday,13,25,19,4
Atki,5:00:00,Monday,17,4,10.5,5
Atki,6:00:00,Monday,115,35,75,6
Atki,7:00:00,Monday,0,55,27.5,7
Atki,8:00:00,Monday,1257,3870,2563.5,8
Atki,9:00:00,Monday,3175,1,1588,9
Atki,10:00:00,Monday,5590,4716,5153,10
Atki,11:00:00,Monday,7185,5870,6527.5,11
Atki,12:00:00,Monday,9209,8247,8728,12
Atki,13:00:00,Monday,10897,10712,10804.5,13
Atki,14:00:00,Monday,9010,8690,8850,14
Atki,15:00:00,Monday,9164,8723,8943.5,15
Atki,16:00:00,Monday,8695,7972,8333.5,16
Atki,17:00:00,Monday,10438,4049,7243.5,17
Atki,18:00:00,Monday,3785,6397,5091,18
Atki,19:00:00,Monday,2,3973,1987.5,19
Atki,20:00:00,Monday,2819,2535,2677,20
Atki,21:00:00,Monday,1927,1577,1752,21
Atki,22:00:00,Monday,975,1082,1028.5,22
Atki,23:00:00,Monday,596,0,298,23
Wood,0:00:00,Monday,0,0,0,0
Wood,1:00:00,Monday,481,141,311,1
Wood,2:00:00,Monday,426,120,273,2
Wood,3:00:00,Monday,371,108,239.5,3
Wood,4:00:00,Monday,386,149,267.5,4
Wood,5:00:00,Monday,363,147,255,5
Wood,6:00:00,Monday,568,414,491,6
Wood,7:00:00,Monday,736,533,634.5,7
Wood,8:00:00,Monday,2369,2312,2340.5,8
Wood,9:00:00,Monday,5755,5043,5399,9
Wood,10:00:00,Monday,7458,6745,7101.5,10
Wood,11:00:00,Monday,7875,6582,7228.5,11
Wood,12:00:00,Monday,13118,9552,11335,12
Wood,13:00:00,Monday,12235,12220,12227.5,13
Wood,14:00:00,Monday,12620,11053,11836.5,14
Wood,15:00:00,Monday,13447,11305,12376,15
Wood,16:00:00,Monday,9209,9091,9150,16
Wood,17:00:00,Monday,4939,4332,4635.5,17
Wood,18:00:00,Monday,6327,5641,5984,18
Wood,19:00:00,Monday,4389,4792,4590.5,19
Wood,20:00:00,Monday,2858,2858,2858,20
Wood,21:00:00,Monday,1994,1673,1833.5,21
Wood,22:00:00,Monday,943,1546,1244.5,22
Wood,23:00:00,Monday,688,504,596,23
SVDH,0:00:00,Monday,0,0,0,0
SVDH,1:00:00,Monday,290,287,288.5,1
SVDH,2:00:00,Monday,160,121,140.5,2
SVDH,3:00:00,Monday,56,23,39.5,3
SVDH,4:00:00,Monday,9,32,20.5,4
SVDH,5:00:00,Monday,13,10,11.5,5
SVDH,6:00:00,Monday,56,77,66.5,6
SVDH,7:00:00,Monday,159,189,174,7
SVDH,8:00:00,Monday,2124,2083,2103.5,8
SVDH,9:00:00,Monday,3752,3261,3506.5,9
SVDH,10:00:00,Monday,5626,5709,5667.5,10
SVDH,11:00:00,Monday,7483,6305,6894,11
SVDH,12:00:00,Monday,7407,6353,6880,12
SVDH,13:00:00,Monday,12330,11190,11760,13
SVDH,14:00:00,Monday,11379,8893,10136,14
SVDH,15:00:00,Monday,6337,6816,6576.5,15
SVDH,16:00:00,Monday,3411,3429,3420,16
SVDH,17:00:00,Monday,2132,2876,2504,17
SVDH,18:00:00,Monday,11742,11226,11484,18
SVDH,19:00:00,Monday,16876,14143,15509.5,19
SVDH,20:00:00,Monday,16877,16820,16848.5,20
SVDH,21:00:00,Monday,5012,5485,5248.5,21
SVDH,22:00:00,Monday,1154,1043,1098.5,22
SVDH,23:00:00,Monday,749,513,631,23
Pros,0:00:00,Monday,0,0,0,0
Pros,1:00:00,Monday,27,22,24.5,1
Pros,2:00:00,Monday,12,32,22,2
Pros,3:00:00,Monday,106,50,78,3
Pros,4:00:00,Monday,66,96,81,4
Pros,5:00:00,Monday,111,65,88,5
Pros,6:00:00,Monday,58,43,50.5,6
Pros,7:00:00,Monday,116,83,99.5,7
Pros,8:00:00,Monday,549,554,551.5,8
Pros,9:00:00,Monday,2216,1882,2049,9
Pros,10:00:00,Monday,4087,3578,3832.5,10
Pros,11:00:00,Monday,5506,5029,5267.5,11
Pros,12:00:00,Monday,8324,7560,7942,12
Pros,13:00:00,Monday,11934,10031,10982.5,13
Pros,14:00:00,Monday,10267,8780,9523.5,14
Pros,15:00:00,Monday,9318,7795,8556.5,15
Pros,16:00:00,Monday,7610,7213,7411.5,16
Pros,17:00:00,Monday,4247,4335,4291,17
Pros,18:00:00,Monday,4669,4801,4735,18
Pros,19:00:00,Monday,1674,1984,1829,19
Pros,20:00:00,Monday,716,473,594.5,20
Pros,21:00:00,Monday,383,310,346.5,21
Pros,22:00:00,Monday,151,140,145.5,22
Pros,23:00:00,Monday,35,41,38,23
UREC,0:00:00,Thursday,0,0,0,0
UREC,1:00:00,Thursday,252,296,274,1
UREC,2:00:00,Thursday,175,288,231.5,2
UREC,3:00:00,Thursday,310,99,204.5,3
UREC,4:00:00,Thursday,118,106,112,4
UREC,5:00:00,Thursday,202,124,163,5
UREC,6:00:00,Thursday,473,534,503.5,6
UREC,7:00:00,Thursday,2455,1122,1788.5,7
UREC,8:00:00,Thursday,4513,2758,3635.5,8
UREC,9:00:00,Thursday,7056,3756,5406,9
UREC,10:00:00,Thursday,8161,4057,6109,10
UREC,11:00:00,Thursday,6362,4727,5544.5,11
UREC,12:00:00,Thursday,10355,6637,8496,12
UREC,13:00:00,Thursday,11389,7933,9661,13
UREC,14:00:00,Thursday,8666,9238,8952,14
UREC,15:00:00,Thursday,12539,8235,10387,15
UREC,16:00:00,Thursday,11862,8693,10277.5,16
UREC,17:00:00,Thursday,11920,8841,10380.5,17
UREC,18:00:00,Thursday,15317,9179,12248,18
UREC,19:00:00,Thursday,11322,8992,10157,19
UREC,20:00:00,Thursday,12451,9572,11011.5,20
UREC,21:00:00,Thursday,12365,9005,10685,21
UREC,22:00:00,Thursday,8396,5784,7090,22
UREC,23:00:00,Thursday,4987,3563,4275,23
Stu,0:00:00,Thursday,0,0,0,0
Stu,1:00:00,Thursday,887,1071,979,1
Stu,2:00:00,Thursday,586,644,615,2
Stu,3:00:00,Thursday,356,520,438,3
Stu,4:00:00,Thursday,130,436,283,4
Stu,5:00:00,Thursday,107,329,218,5
Stu,6:00:00,Thursday,342,179,260.5,6
Stu,7:00:00,Thursday,1077,567,822,7
Stu,8:00:00,Thursday,3214,2309,2761.5,8
Stu,9:00:00,Thursday,10283,3773,7028,9
Stu,10:00:00,Thursday,16213,4636,10424.5,10
Stu,11:00:00,Thursday,10052,7065,8558.5,11
Stu,12:00:00,Thursday,20787,8653,14720,12
Stu,13:00:00,Thursday,22811,11133,16972,13
Stu,14:00:00,Thursday,15535,17961,16748,14
Stu,15:00:00,Thursday,21511,13890,17700.5,15
Stu,16:00:00,Thursday,18412,10864,14638,16
Stu,17:00:00,Thursday,13961,10236,12098.5,17
Stu,18:00:00,Thursday,18943,9538,14240.5,18
Stu,19:00:00,Thursday,12020,7918,9969,19
Stu,20:00:00,Thursday,10942,7741,9341.5,20
Stu,21:00:00,Thursday,9706,6337,8021.5,21
Stu,22:00:00,Thursday,4498,3938,4218,22
Stu,23:00:00,Thursday,2771,2485,2628,23
Atki,0:00:00,Thursday,0,0,0,0
Atki,1:00:00,Thursday,417,575,496,1
Atki,2:00:00,Thursday,0,67,33.5,2
Atki,3:00:00,Thursday,65,138,101.5,3
Atki,4:00:00,Thursday,16,62,39,4
Atki,5:00:00,Thursday,56,0,28,5
Atki,6:00:00,Thursday,0,10,5,6
Atki,7:00:00,Thursday,66,72,69,7
Atki,8:00:00,Thursday,660,248,454,8
Atki,9:00:00,Thursday,3154,600,1877,9
Atki,10:00:00,Thursday,7488,1781,4634.5,10
Atki,11:00:00,Thursday,3841,0,1920.5,11
Atki,12:00:00,Thursday,10575,1420,5997.5,12
Atki,13:00:00,Thursday,11730,2258,6994,13
Atki,14:00:00,Thursday,5102,3596,4349,14
Atki,15:00:00,Thursday,10060,2982,6521,15
Atki,16:00:00,Thursday,8897,2666,5781.5,16
Atki,17:00:00,Thursday,3918,2266,3092,17
Atki,18:00:00,Thursday,6169,1784,3976.5,18
Atki,19:00:00,Thursday,3445,1768,2606.5,19
Atki,20:00:00,Thursday,2495,1754,2124.5,20
Atki,21:00:00,Thursday,2194,1264,1729,21
Atki,22:00:00,Thursday,1092,1262,1177,22
Atki,23:00:00,Thursday,572,0,286,23
Wood,0:00:00,Thursday,0,0,0,0
Wood,1:00:00,Thursday,341,219,280,1
Wood,2:00:00,Thursday,192,207,199.5,2
Wood,3:00:00,Thursday,479,116,297.5,3
Wood,4:00:00,Thursday,342,229,285.5,4
Wood,5:00:00,Thursday,219,107,163,5
Wood,6:00:00,Thursday,341,255,298,6
Wood,7:00:00,Thursday,442,349,395.5,7
Wood,8:00:00,Thursday,1204,855,1029.5,8
Wood,9:00:00,Thursday,5485,1146,3315.5,9
Wood,10:00:00,Thursday,11502,2804,7153,10
Wood,11:00:00,Thursday,6858,2495,4676.5,11
Wood,12:00:00,Thursday,13966,2744,8355,12
Wood,13:00:00,Thursday,13426,2887,8156.5,13
Wood,14:00:00,Thursday,8030,3319,5674.5,14
Wood,15:00:00,Thursday,13793,2712,8252.5,15
Wood,16:00:00,Thursday,10752,2654,6703,16
Wood,17:00:00,Thursday,6370,1786,4078,17
Wood,18:00:00,Thursday,6620,1539,4079.5,18
Wood,19:00:00,Thursday,4158,1378,2768,19
Wood,20:00:00,Thursday,2581,1232,1906.5,20
Wood,21:00:00,Thursday,1696,1043,1369.5,21
Wood,22:00:00,Thursday,1153,635,894,22
Wood,23:00:00,Thursday,701,369,535,23
SVDH,0:00:00,Thursday,0,0,0,0
SVDH,1:00:00,Thursday,376,600,488,1
SVDH,2:00:00,Thursday,239,277,258,2
SVDH,3:00:00,Thursday,161,122,141.5,3
SVDH,4:00:00,Thursday,22,103,62.5,4
SVDH,5:00:00,Thursday,16,54,35,5
SVDH,6:00:00,Thursday,72,85,78.5,6
SVDH,7:00:00,Thursday,290,173,231.5,7
SVDH,8:00:00,Thursday,2061,859,1460,8
SVDH,9:00:00,Thursday,2868,1445,2156.5,9
SVDH,10:00:00,Thursday,5468,2403,3935.5,10
SVDH,11:00:00,Thursday,4573,3691,4132,11
SVDH,12:00:00,Thursday,7125,5212,6168.5,12
SVDH,13:00:00,Thursday,10277,8735,9506,13
SVDH,14:00:00,Thursday,9698,7425,8561.5,14
SVDH,15:00:00,Thursday,6021,5736,5878.5,15
SVDH,16:00:00,Thursday,2841,2415,2628,16
SVDH,17:00:00,Thursday,2390,2214,2302,17
SVDH,18:00:00,Thursday,10631,7504,9067.5,18
SVDH,19:00:00,Thursday,15781,12018,13899.5,19
SVDH,20:00:00,Thursday,13875,13077,13476,20
SVDH,21:00:00,Thursday,5014,4227,4620.5,21
SVDH,22:00:00,Thursday,1030,839,934.5,22
SVDH,23:00:00,Thursday,629,463,546,23
Pros,0:00:00,Thursday,0,0,0,0
Pros,1:00:00,Thursday,134,153,143.5,1
Pros,2:00:00,Thursday,181,108,144.5,2
Pros,3:00:00,Thursday,124,60,92,3
Pros,4:00:00,Thursday,22,15,18.5,4
Pros,5:00:00,Thursday,41,17,29,5
Pros,6:00:00,Thursday,62,19,40.5,6
Pros,7:00:00,Thursday,96,112,104,7
Pros,8:00:00,Thursday,339,145,242,8
Pros,9:00:00,Thursday,1261,494,877.5,9
Pros,10:00:00,Thursday,5743,623,3183,10
Pros,11:00:00,Thursday,4465,1131,2798,11
Pros,12:00:00,Thursday,9536,1814,5675,12
Pros,13:00:00,Thursday,10436,2373,6404.5,13
Pros,14:00:00,Thursday,7668,2868,5268,14
Pros,15:00:00,Thursday,8177,3114,5645.5,15
Pros,16:00:00,Thursday,7304,2687,4995.5,16
Pros,17:00:00,Thursday,3822,2393,3107.5,17
Pros,18:00:00,Thursday,3591,899,2245,18
Pros,19:00:00,Thursday,1366,539,952.5,19
Pros,20:00:00,Thursday,610,204,407,20
Pros,21:00:00,Thursday,305,70,187.5,21
Pros,22:00:00,Thursday,117,49,83,22
Pros,23:00:00,Thursday,33,16,24.5,23
UREC,0:00:00,Friday,0,0,0,0
UREC,1:00:00,Friday,379,286,332.5,1
UREC,2:00:00,Friday,264,233,248.5,2
UREC,3:00:00,Friday,182,158,170,3
UREC,4:00:00,Friday,284,84,184,4
UREC,5:00:00,Friday,153,114,133.5,5
UREC,6:00:00,Friday,705,489,597,6
UREC,7:00:00,Friday,3476,1544,2510,7
UREC,8:00:00,Friday,4536,4055,4295.5,8
UREC,9:00:00,Friday,5418,5028,5223,9
UREC,10:00:00,Friday,6229,6477,6353,10
UREC,11:00:00,Friday,7637,7828,7732.5,11
UREC,12:00:00,Friday,8821,8938,8879.5,12
UREC,13:00:00,Friday,10082,11287,10684.5,13
UREC,14:00:00,Friday,11323,11299,11311,14
UREC,15:00:00,Friday,9709,9542,9625.5,15
UREC,16:00:00,Friday,9533,7668,8600.5,16
UREC,17:00:00,Friday,8716,6477,7596.5,17
UREC,18:00:00,Friday,7775,5883,6829,18
UREC,19:00:00,Friday,7008,7133,7070.5,19
UREC,20:00:00,Friday,5670,3454,4562,20
UREC,21:00:00,Friday,5531,2983,4257,21
UREC,22:00:00,Friday,4886,3064,3975,22
UREC,23:00:00,Friday,4133,4186,4159.5,23
Stu,0:00:00,Friday,0,0,0,0
Stu,1:00:00,Friday,1341,1327,1334,1
Stu,2:00:00,Friday,933,656,794.5,2
Stu,3:00:00,Friday,1164,366,765,3
Stu,4:00:00,Friday,225,149,187,4
Stu,5:00:00,Friday,237,51,144,5
Stu,6:00:00,Friday,1309,1401,1355,6
Stu,7:00:00,Friday,1064,2663,1863.5,7
Stu,8:00:00,Friday,4538,6261,5399.5,8
Stu,9:00:00,Friday,7315,8849,8082,9
Stu,10:00:00,Friday,10112,12296,11204,10
Stu,11:00:00,Friday,12999,14968,13983.5,11
Stu,12:00:00,Friday,14579,17109,15844,12
Stu,13:00:00,Friday,15747,21774,18760.5,13
Stu,14:00:00,Friday,15936,18821,17378.5,14
Stu,15:00:00,Friday,13634,16348,14991,15
Stu,16:00:00,Friday,10691,10116,10403.5,16
Stu,17:00:00,Friday,9779,9602,9690.5,17
Stu,18:00:00,Friday,8863,9557,9210,18
Stu,19:00:00,Friday,7419,9093,8256,19
Stu,20:00:00,Friday,5635,4367,5001,20
Stu,21:00:00,Friday,4197,2556,3376.5,21
Stu,22:00:00,Friday,2798,2712,2755,22
Stu,23:00:00,Friday,2586,4538,3562,23
Atki,0:00:00,Friday,0,0,0,0
Atki,1:00:00,Friday,283,180,231.5,1
Atki,2:00:00,Friday,86,111,98.5,2
Atki,3:00:00,Friday,126,97,111.5,3
Atki,4:00:00,Friday,53,18,35.5,4
Atki,5:00:00,Friday,12,1,6.5,5
Atki,6:00:00,Friday,28,114,71,6
Atki,7:00:00,Friday,1141,457,799,7
Atki,8:00:00,Friday,0,1251,625.5,8
Atki,9:00:00,Friday,3001,2828,2914.5,9
Atki,10:00:00,Friday,4339,4707,4523,10
Atki,11:00:00,Friday,4982,5642,5312,11
Atki,12:00:00,Friday,6355,6793,6574,12
Atki,13:00:00,Friday,6868,7875,7371.5,13
Atki,14:00:00,Friday,6151,5957,6054,14
Atki,15:00:00,Friday,6859,3832,5345.5,15
Atki,16:00:00,Friday,0,2198,1099,16
Atki,17:00:00,Friday,1801,1919,1860,17
Atki,18:00:00,Friday,1350,1776,1563,18
Atki,19:00:00,Friday,1520,1690,1605,19
Atki,20:00:00,Friday,479,891,685,20
Atki,21:00:00,Friday,0,532,266,21
Atki,22:00:00,Friday,542,415,478.5,22
Atki,23:00:00,Friday,278,651,464.5,23
Wood,0:00:00,Friday,0,0,0,0
Wood,1:00:00,Friday,497,375,436,1
Wood,2:00:00,Friday,390,288,339,2
Wood,3:00:00,Friday,370,244,307,3
Wood,4:00:00,Friday,461,175,318,4
Wood,5:00:00,Friday,475,128,301.5,5
Wood,6:00:00,Friday,544,464,504,6
Wood,7:00:00,Friday,630,505,567.5,7
Wood,8:00:00,Friday,2187,2386,2286.5,8
Wood,9:00:00,Friday,4098,5385,4741.5,9
Wood,10:00:00,Friday,5077,5812,5444.5,10
Wood,11:00:00,Friday,5412,5243,5327.5,11
Wood,12:00:00,Friday,7994,6687,7340.5,12
Wood,13:00:00,Friday,6567,8628,7597.5,13
Wood,14:00:00,Friday,4816,4812,4814,14
Wood,15:00:00,Friday,3186,3548,3367,15
Wood,16:00:00,Friday,2474,1467,1970.5,16
Wood,17:00:00,Friday,2075,1457,1766,17
Wood,18:00:00,Friday,1642,2640,2141,18
Wood,19:00:00,Friday,1099,3996,2547.5,19
Wood,20:00:00,Friday,782,1624,1203,20
Wood,21:00:00,Friday,589,1157,873,21
Wood,22:00:00,Friday,304,1302,803,22
Wood,23:00:00,Friday,344,2224,1284,23
SVDH,0:00:00,Friday,0,0,0,0
SVDH,1:00:00,Friday,453,323,388,1
SVDH,2:00:00,Friday,135,203,169,2
SVDH,3:00:00,Friday,102,172,137,3
SVDH,4:00:00,Friday,51,25,38,4
SVDH,5:00:00,Friday,5,8,6.5,5
SVDH,6:00:00,Friday,85,78,81.5,6
SVDH,7:00:00,Friday,156,170,163,7
SVDH,8:00:00,Friday,2277,1932,2104.5,8
SVDH,9:00:00,Friday,3330,3438,3384,9
SVDH,10:00:00,Friday,5334,5481,5407.5,10
SVDH,11:00:00,Friday,7427,7652,7539.5,11
SVDH,12:00:00,Friday,8314,6730,7522,12
SVDH,13:00:00,Friday,11593,10791,11192,13
SVDH,14:00:00,Friday,9821,9288,9554.5,14
SVDH,15:00:00,Friday,6006,5632,5819,15
SVDH,16:00:00,Friday,1837,2250,2043.5,16
SVDH,17:00:00,Friday,2210,2379,2294.5,17
SVDH,18:00:00,Friday,6152,5806,5979,18
SVDH,19:00:00,Friday,10642,5413,8027.5,19
SVDH,20:00:00,Friday,9030,3545,6287.5,20
SVDH,21:00:00,Friday,2892,1435,2163.5,21
SVDH,22:00:00,Friday,1403,846,1124.5,22
SVDH,23:00:00,Friday,636,802,719,23
Pros,0:00:00,Friday,0,0,0,0
Pros,1:00:00,Friday,35,14,24.5,1
Pros,2:00:00,Friday,127,46,86.5,2
Pros,3:00:00,Friday,55,87,71,3
Pros,4:00:00,Friday,24,103,63.5,4
Pros,5:00:00,Friday,47,108,77.5,5
Pros,6:00:00,Friday,25,89,57,6
Pros,7:00:00,Friday,122,145,133.5,7
Pros,8:00:00,Friday,475,456,465.5,8
Pros,9:00:00,Friday,1623,1779,1701,9
Pros,10:00:00,Friday,3064,3738,3401,10
Pros,11:00:00,Friday,4383,4345,4364,11
Pros,12:00:00,Friday,5996,6355,6175.5,12
Pros,13:00:00,Friday,7993,9770,8881.5,13
Pros,14:00:00,Friday,6283,6551,6417,14
Pros,15:00:00,Friday,4739,3704,4221.5,15
Pros,16:00:00,Friday,2412,2024,2218,16
Pros,17:00:00,Friday,1177,1280,1228.5,17
Pros,18:00:00,Friday,236,308,272,18
Pros,19:00:00,Friday,170,193,181.5,19
Pros,20:00:00,Friday,69,74,71.5,20
Pros,21:00:00,Friday,50,21,35.5,21
Pros,22:00:00,Friday,35,42,38.5,22
Pros,23:00:00,Friday,37,50,43.5,23
UREC,0:00:00,Saturday,0,0,0,0
UREC,1:00:00,Saturday,243,248,245.5,1
UREC,2:00:00,Saturday,194,110,152,2
UREC,3:00:00,Saturday,165,106,135.5,3
UREC,4:00:00,Saturday,46,40,43,4
UREC,5:00:00,Saturday,82,33,57.5,5
UREC,6:00:00,Saturday,75,40,57.5,6
UREC,7:00:00,Saturday,49,65,57,7
UREC,8:00:00,Saturday,66,72,69,8
UREC,9:00:00,Saturday,531,380,455.5,9
UREC,10:00:00,Saturday,1959,1356,1657.5,10
UREC,11:00:00,Saturday,2688,2149,2418.5,11
UREC,12:00:00,Saturday,3691,3242,3466.5,12
UREC,13:00:00,Saturday,3671,3228,3449.5,13
UREC,14:00:00,Saturday,4306,3118,3712,14
UREC,15:00:00,Saturday,4469,4356,4412.5,15
UREC,16:00:00,Saturday,4484,3744,4114,16
UREC,17:00:00,Saturday,5028,3941,4484.5,17
UREC,18:00:00,Saturday,5407,3740,4573.5,18
UREC,19:00:00,Saturday,4923,4563,4743,19
UREC,20:00:00,Saturday,5283,4161,4722,20
UREC,21:00:00,Saturday,3838,3567,3702.5,21
UREC,22:00:00,Saturday,924,815,869.5,22
UREC,23:00:00,Saturday,313,315,314,23
Stu,0:00:00,Saturday,0,0,0,0
Stu,1:00:00,Saturday,1151,1555,1353,1
Stu,2:00:00,Saturday,797,1049,923,2
Stu,3:00:00,Saturday,788,543,665.5,3
Stu,4:00:00,Saturday,330,366,348,4
Stu,5:00:00,Saturday,157,107,132,5
Stu,6:00:00,Saturday,510,81,295.5,6
Stu,7:00:00,Saturday,154,92,123,7
Stu,8:00:00,Saturday,180,272,226,8
Stu,9:00:00,Saturday,563,284,423.5,9
Stu,10:00:00,Saturday,967,909,938,10
Stu,11:00:00,Saturday,1585,1840,1712.5,11
Stu,12:00:00,Saturday,2367,2425,2396,12
Stu,13:00:00,Saturday,2847,3270,3058.5,13
Stu,14:00:00,Saturday,3139,3358,3248.5,14
Stu,15:00:00,Saturday,2925,3013,2969,15
Stu,16:00:00,Saturday,2384,2560,2472,16
Stu,17:00:00,Saturday,3233,2842,3037.5,17
Stu,18:00:00,Saturday,3175,2848,3011.5,18
Stu,19:00:00,Saturday,3085,3810,3447.5,19
Stu,20:00:00,Saturday,3687,3731,3709,20
Stu,21:00:00,Saturday,2373,2890,2631.5,21
Stu,22:00:00,Saturday,1900,2075,1987.5,22
Stu,23:00:00,Saturday,1849,1612,1730.5,23
Atki,0:00:00,Saturday,0,0,0,0
Atki,1:00:00,Saturday,166,856,511,1
Atki,2:00:00,Saturday,172,263,217.5,2
Atki,3:00:00,Saturday,75,44,59.5,3
Atki,4:00:00,Saturday,71,24,47.5,4
Atki,5:00:00,Saturday,86,23,54.5,5
Atki,6:00:00,Saturday,40,14,27,6
Atki,7:00:00,Saturday,0,0,0,7
Atki,8:00:00,Saturday,21,8,14.5,8
Atki,9:00:00,Saturday,51,13,32,9
Atki,10:00:00,Saturday,145,223,184,10
Atki,11:00:00,Saturday,195,263,229,11
Atki,12:00:00,Saturday,730,408,569,12
Atki,13:00:00,Saturday,0,665,332.5,13
Atki,14:00:00,Saturday,532,480,506,14
Atki,15:00:00,Saturday,503,573,538,15
Atki,16:00:00,Saturday,495,494,494.5,16
Atki,17:00:00,Saturday,500,486,493,17
Atki,18:00:00,Saturday,598,517,557.5,18
Atki,19:00:00,Saturday,576,763,669.5,19
Atki,20:00:00,Saturday,612,858,735,20
Atki,21:00:00,Saturday,449,314,381.5,21
Atki,22:00:00,Saturday,449,342,395.5,22
Atki,23:00:00,Saturday,259,336,297.5,23
Wood,0:00:00,Saturday,0,0,0,0
Wood,1:00:00,Saturday,422,219,320.5,1
Wood,2:00:00,Saturday,186,123,154.5,2
Wood,3:00:00,Saturday,154,144,149,3
Wood,4:00:00,Saturday,177,84,130.5,4
Wood,5:00:00,Saturday,223,175,199,5
Wood,6:00:00,Saturday,164,175,169.5,6
Wood,7:00:00,Saturday,136,123,129.5,7
Wood,8:00:00,Saturday,870,113,491.5,8
Wood,9:00:00,Saturday,271,165,218,9
Wood,10:00:00,Saturday,459,270,364.5,10
Wood,11:00:00,Saturday,366,382,374,11
Wood,12:00:00,Saturday,597,545,571,12
Wood,13:00:00,Saturday,818,524,671,13
Wood,14:00:00,Saturday,368,558,463,14
Wood,15:00:00,Saturday,438,501,469.5,15
Wood,16:00:00,Saturday,596,400,498,16
Wood,17:00:00,Saturday,557,643,600,17
Wood,18:00:00,Saturday,569,662,615.5,18
Wood,19:00:00,Saturday,620,822,721,19
Wood,20:00:00,Saturday,580,591,585.5,20
Wood,21:00:00,Saturday,249,616,432.5,21
Wood,22:00:00,Saturday,244,560,402,22
Wood,23:00:00,Saturday,229,399,314,23
SVDH,0:00:00,Saturday,0,0,0,0
SVDH,1:00:00,Saturday,173,248,210.5,1
SVDH,2:00:00,Saturday,197,165,181,2
SVDH,3:00:00,Saturday,240,105,172.5,3
SVDH,4:00:00,Saturday,135,52,93.5,4
SVDH,5:00:00,Saturday,61,9,35,5
SVDH,6:00:00,Saturday,26,27,26.5,6
SVDH,7:00:00,Saturday,22,12,17,7
SVDH,8:00:00,Saturday,156,205,180.5,8
SVDH,9:00:00,Saturday,531,385,458,9
SVDH,10:00:00,Saturday,581,465,523,10
SVDH,11:00:00,Saturday,3033,2148,2590.5,11
SVDH,12:00:00,Saturday,4972,4531,4751.5,12
SVDH,13:00:00,Saturday,5592,5008,5300,13
SVDH,14:00:00,Saturday,5428,6040,5734,14
SVDH,15:00:00,Saturday,5149,4247,4698,15
SVDH,16:00:00,Saturday,3922,3442,3682,16
SVDH,17:00:00,Saturday,3751,2946,3348.5,17
SVDH,18:00:00,Saturday,4626,4726,4676,18
SVDH,19:00:00,Saturday,7074,7617,7345.5,19
SVDH,20:00:00,Saturday,7986,7898,7942,20
SVDH,21:00:00,Saturday,2903,3031,2967,21
SVDH,22:00:00,Saturday,731,909,820,22
SVDH,23:00:00,Saturday,327,251,289,23
Pros,0:00:00,Saturday,0,0,0,0
Pros,1:00:00,Saturday,20,10,15,1
Pros,2:00:00,Saturday,27,17,22,2
Pros,3:00:00,Saturday,23,24,23.5,3
Pros,4:00:00,Saturday,12,28,20,4
Pros,5:00:00,Saturday,30,0,15,5
Pros,6:00:00,Saturday,56,0,28,6
Pros,7:00:00,Saturday,2,2,2,7
Pros,8:00:00,Saturday,0,1,0.5,8
Pros,9:00:00,Saturday,3,20,11.5,9
Pros,10:00:00,Saturday,28,30,29,10
Pros,11:00:00,Saturday,43,38,40.5,11
Pros,12:00:00,Saturday,33,57,45,12
Pros,13:00:00,Saturday,48,71,59.5,13
Pros,14:00:00,Saturday,79,170,124.5,14
Pros,15:00:00,Saturday,106,98,102,15
Pros,16:00:00,Saturday,81,127,104,16
Pros,17:00:00,Saturday,85,79,82,17
Pros,18:00:00,Saturday,39,126,82.5,18
Pros,19:00:00,Saturday,37,91,64,19
Pros,20:00:00,Saturday,66,82,74,20
Pros,21:00:00,Saturday,33,18,25.5,21
Pros,22:00:00,Saturday,32,42,37,22
Pros,23:00:00,Saturday,7,27,17,23
